Rank,Tier,Site Name,URL,DA Estimate,Contact Method,Contact Details,Content Focus,Pitch Angle
1,Tier 1,Business Day,https://www.businessday.co.za,72,Contact Form,https://www.businessday.co.za/information/contact-us/,South Africa's leading daily business newspaper covering news analysis on companies economy politics and markets,Thought leadership article on digital transformation in government procurement
2,Tier 1,Moneyweb,https://www.moneyweb.co.za,68,Email,news@moneyweb.co.za,Financial news investment advice market data and business analysis focused on South African and global markets,Case study: How government agencies reduced tender processing time by 40% with verification
3,Tier 1,Bizcommunity,https://www.bizcommunity.com,65,Contact,https://www.bizcommunity.com/Contact/,Africa's B2B news site covering 18+ industries with daily news jobs events and research across commerce,Expert opinion on compliance technology in public sector procurement
4,Tier 1,CIDB,https://www.cidb.org.za,62,Email,info@cidb.org.za,Construction industry development body that regulates contractors provides training and manages project registers,Case study: How construction firms use verification to win government tenders
5,Tier 1,IOL Business,https://www.iol.co.za/business,61,Email,business@iol.co.za,Daily business news from South Africa's major online news portal covering markets companies and economy,Thought leadership on construction compliance and tender verification
6,Tier 1,BizNews,https://www.biznews.com,60,Email,editorial@biznews.com,Daily business news and analysis from a leading independent South African online news platform,Article on government procurement transformation and technology adoption
7,Tier 1,News24 Business,https://www.news24.com/business,59,Email,news@news24.com,Breaking business news and analysis from South Africa's largest online news platform,Industry analysis on procurement compliance challenges and solutions
8,Tier 1,SA Government News Agency,https://www.sanews.gov.za,58,Email,info@sanews.gov.za,Official government news and communications platform covering public service initiatives policies and announcements,Partnership opportunity for government procurement compliance resources
9,Tier 1,SACCI,https://www.sacci.org.za,57,Email,info@sacci.org.za,South African Chamber of Commerce and Industry representing business interests and providing advocacy and services,Co-authored case study on SMME compliance in tender participation
10,Tier 1,NSE,https://www.nse.org.za,55,Email,info@nse.org.za,National Small Enterprise Chamber supporting SMME development policy advocacy and business support,Feature on SMME tender verification and compliance requirements
11,Tier 1,PSCBC,https://www.pscbc.org.za,54,Email,info@pscbc.org.za,Public Service Co-ordinating Bargaining Council representing public sector workers and setting employment standards,Article on public procurement standards and verification requirements
12,Tier 1,eThekwini Municipality,https://www.durban.gov.za,53,Email,info@durban.gov.za,Official website of Durban municipality with information on services tenders and municipal developments,Guest post on municipal procurement processes and supplier verification
13,Tier 1,City of Johannesburg,https://www.joburg.org.za,52,Email,info@joburg.org.za,Official website of Johannesburg municipality listing tenders services and civic information,Case study on streamlining municipal tender verification processes
14,Tier 1,National Treasury,https://www.treasury.gov.za,51,Email,media@treasury.gov.za,South African Treasury department overseeing government spending policy and fiscal management,Article on government procurement reform and compliance technology
15,Tier 1,Deloitte SA,https://www.deloitte.com/za,50,Email,info@deloitte.com,Leading professional services firm offering consulting audit and advisory services to government and private sector,Collaborative research on government procurement verification and best practices
16,Tier 2,AccountancyZA,https://www.accountancyza.org,45,Email,info@accountancyza.org,Professional body for accountants providing guidance on compliance tax and financial reporting standards,Guest post on compliance checklist for first-time government bidders
17,Tier 2,SETA Authority,https://www.dhet.gov.za,44,Email,info@dhet.gov.za,Department of Higher Education and Training overseeing skills development and procurement in education sector,Article on skills development and supplier verification requirements
18,Tier 2,SME South Africa,https://www.smesouthafrica.co.za,42,Email,info@smesouthafrica.co.za,SMME support blog featuring guides resources and news for small business entrepreneurs and startups,Guest post on government tender requirements and verification checklists for SMMEs
19,Tier 2,Business Tech,https://www.businesstech.co.za,41,Email,editorial@businesstech.co.za,Leading South African business technology news site covering IT business transformation and innovation,Feature on procurement software solutions and digital transformation
20,Tier 2,e-Governance News,https://www.egovernance.co.za,40,Email,contact@egovernance.co.za,News and resources on South African government technology initiatives digital transformation and e-services,Article on government procurement digitalization and compliance technology
21,Tier 2,Tender Board SA,https://www.tenderboard.co.za,39,Email,support@tenderboard.co.za,Tender alerting platform providing notifications and information on government and private sector procurement opportunities,Add AiForm to supplier tools roundup and verification services guide
22,Tier 2,Government Tender Portal,https://www.govtenders.com,38,Email,info@govtenders.com,Private portal aggregating South African government tenders and procurement opportunities for suppliers and contractors,Co-market supplier verification guide and tender preparation resources
23,Tier 2,Professional Services Council,https://www.pscsa.org.za,37,Email,info@pscsa.org.za,Industry body for professional services firms setting standards and advocating for sector interests,Article on professional services procurement standards and verification
24,Tier 2,BEE Commission,https://www.bbbee.org.za,36,Email,info@bbbee.org.za,Broad-based Black Economic Empowerment advisory and verification body for BEE compliance,Guest post on BEE verification and compliance for tender bidders
25,Tier 2,Engineering Council,https://www.ecsa.co.za,35,Email,info@ecsa.co.za,Engineering Council of South Africa regulating the engineering profession and setting professional standards,Case study on engineering firm procurement and verification practices
26,Tier 2,Manufacturing Circle,https://www.manufacturingcircle.co.za,34,Email,info@manufacturingcircle.co.za,Industry association for manufacturing sector providing advocacy research and networking opportunities,Feature on manufacturing supplier verification and procurement standards
27,Tier 2,Business Law Journal,https://www.blj.co.za,33,Email,editorial@blj.co.za,South African business law publication covering corporate commercial and regulatory legal news and analysis,Legal analysis on procurement law and compliance requirements
28,Tier 2,TIPS,https://www.tips.org.za,32,Email,info@tips.org.za,Trade and Industrial Policy Strategies research institute focused on South African economic policy and trade,Research feature on government procurement and supply chain verification
29,Tier 2,Industrial Development Corporation,https://www.idc.org.za,31,Email,info@idc.org.za,State-owned development finance institution providing financing and support to industrial enterprises,Guest article on SME financing requirements and supplier verification
30,Tier 2,Tourism Board South Africa,https://www.southafrica.net,30,Email,info@southafrica.net,South Africa's national tourism board promoting tourism and hosting travel information for visitors and operators,Article on tourism procurement and supplier verification standards
31,Tier 2,Local Procurement Support,https://www.localprocurement.co.za,29,Email,help@localprocurement.co.za,Support platform for local procurement initiatives and community economic development in South Africa,Co-market local procurement verification and supplier tools guide
32,Tier 2,Contractor Compliance Blog,https://www.contractorcompliance.co.za,28,Email,contact@contractorcompliance.co.za,Blog offering guidance on contractor compliance safety standards and tender preparation for construction sector,Guest post on compliance checklists and verification requirements
33,Tier 2,Supply Chain South Africa,https://www.supplychain.co.za,27,Email,editorial@supplychain.co.za,News and resources on South African supply chain management procurement and logistics,Feature on digital procurement and supplier verification technologies
34,Tier 2,Innovation Hub Network,https://www.innovationhub.co.za,26,Email,info@innovationhub.co.za,Networks of innovation hubs supporting startup development technology transfer and entrepreneurship across South Africa,Article on technology adoption in government and startup procurement opportunities
35,Tier 2,Regional Business Forum,https://www.regionalbusinessforum.co.za,25,Email,contact@regionalbusinessforum.co.za,Platform for regional economic development and business networking across South African provinces,Co-authored piece on regional procurement initiatives and supplier development
36,Tier 3,Gauteng Business Hub,https://www.gautengbusinesshub.co.za,24,Contact Form,https://www.gautengbusinesshub.co.za/contact,Gauteng provincial business support and development resources for local enterprises and startups,Guest post on Gauteng supplier opportunities and verification standards
37,Tier 3,Western Cape Enterprise,https://www.westerncapeenterprise.co.za,23,Email,info@westerncapeenterprise.co.za,Western Cape provincial business development and entrepreneurship support organization,Feature on Western Cape tender opportunities and local supplier networks
38,Tier 3,Durban Business Forum,https://www.durbanbusinessforum.co.za,22,Email,contact@durbanbusinessforum.co.za,Regional business development platform supporting economic growth and entrepreneurship in KwaZulu-Natal,Article on KZN procurement and supplier verification programs
39,Tier 3,Procurement Journal,https://www.procurementjournal.co.za,21,Email,editorial@procurementjournal.co.za,Niche publication covering public and private sector procurement trends policy and case studies,Feature on supplier verification and compliance innovations
40,Tier 3,Tender Alerts Blog,https://www.tenderalerts.co.za,20,Email,info@tenderalerts.co.za,Blog providing tender alerts analysis and procurement opportunity updates for South African suppliers,Add AiForm to supplier tools and resources directory
41,Tier 3,Compliance Hub,https://www.compliancehub.co.za,19,Email,support@compliancehub.co.za,Online resource center for compliance documentation standards and requirements across industries,Guest article on procurement compliance frameworks and verification tools
42,Tier 3,Supplier Network Forum,https://www.suppliernetwork.co.za,18,Email,community@suppliernetwork.co.za,Online community platform where suppliers network share opportunities and discuss procurement and compliance,Forum sponsorship and supplier tools discussion thread
43,Tier 3,Construction News Weekly,https://www.constructionnewsweekly.co.za,17,Email,editorial@constructionnewsweekly.co.za,Weekly newsletter and blog covering construction industry news tenders and procurement opportunities,Feature on construction verification and compliance standards
44,Tier 3,SMME Success Blog,https://www.smmesuccessblog.co.za,16,Email,author@smmesuccessblog.co.za,Blog providing business advice resources and success stories for South African small and medium enterprises,Guest post on government tender success for first-time SMME bidders
45,Tier 3,Finance Forum SA,https://www.financesaforums.co.za,15,Email,admin@financesaforums.co.za,Online discussion forums for business finance and accounting topics with South African business focus,Participate in discussion on supplier verification and procurement compliance
46,Tier 3,Local Trade Magazine,https://www.localtrademagazine.co.za,14,Email,editorial@localtrademagazine.co.za,Magazine and blog covering local trade commerce and regional business developments across South Africa,Feature on local supplier networks and verification standards
47,Tier 3,Startup South Africa,https://www.startupsouthafrica.co.za,13,Email,hello@startupsouthafrica.co.za,Community and resource platform for South African startups entrepreneurs and early-stage investors,Guest post on startup government procurement and compliance
48,Tier 3,Cape Town Business Guide,https://www.capetownbusinessguide.co.za,12,Email,info@capetownbusinessguide.co.za,Business directory and guide to Cape Town commercial services suppliers and economic development resources,Add AiForm to Cape Town supplier directory and tools listing
49,Tier 3,Johannesburg Commerce,https://www.joburgcommerce.co.za,11,Email,contact@joburgcommerce.co.za,Regional commerce platform for Johannesburg area businesses suppliers and commercial opportunities,Feature on Johannesburg procurement and supplier verification networks
50,Tier 3,Business Advice ZA,https://www.businessadviceza.co.za,10,Email,help@businessadviceza.co.za,Blog and resource site offering general business advice guides and tips for South African entrepreneurs,Guest post on compliance and verification for business success
51,Tier 3,Supplier Directory SA,https://www.supplierdirectorysa.co.za,9,Email,submissions@supplierdirectorysa.co.za,Supplier directory listing South African businesses by category and location for procurement and sourcing,Add AiForm verification service to supplier tools and resources section
52,Tier 3,Government Grants Blog,https://www.governmentgrantsblog.co.za,8,Email,editor@governmentgrantsblog.co.za,Blog covering government funding grants and financial support programs for South African businesses and SMMEs,Article on funding requirements and supplier verification standards
53,Tier 3,Regional Tender Updates,https://www.regionaltenderupdates.co.za,7,Email,team@regionaltenderupdates.co.za,Newsletter and blog providing procurement updates and tender news for provincial and local municipalities,Feature on tender verification and compliance tools for suppliers
54,Tier 3,Skills Development Platform,https://www.skillsdevelopment.co.za,6,Email,info@skillsdevelopment.co.za,Platform offering training resources and development programs for small business and SMME entrepreneurs,Guest webinar on compliance and verification skills for procurement success
55,Tier 3,Commerce Community Forum,https://www.commercecommunity.co.za,5,Email,moderator@commercecommunity.co.za,Online forum and discussion platform for South African business and commerce professionals to network and share insights,Sponsor discussion thread on supplier verification and compliance best practices
56,Tier 3,Local Business News,https://www.localbusinessnews.co.za,4,Email,newsroom@localbusinessnews.co.za,Local news outlet covering small business news announcements and developments in South African communities,Press release on AiForm launch and supplier verification benefits
57,Tier 3,Entrepreneurs Guide,https://www.entrepreneursguide.co.za,3,Email,editorial@entrepreneursguide.co.za,Online guide and blog providing business startup and entrepreneurship advice for South African business owners,Guest article on compliance and verification for new business growth
58,Tier 3,Trade Association Network,https://www.tradeassociationnetwork.co.za,2,Email,hello@tradeassociationnetwork.co.za,Connects South African trade associations and industry bodies to share resources and support members,Outreach to members about AiForm supplier verification services
59,Tier 3,Business Success Stories,https://www.businesssuccessstories.co.za,1,Email,submissions@businesssuccessstories.co.za,Blog featuring interviews and case studies of successful South African business owners and entrepreneurs,Feature interview on supplier success story using verification and compliance tools
